<component name="HistoryScreen" extends="Group" >
    <script type="text/brightscript" uri="HistoryScreen.brs" />
    <interface>
        <field id="btnBackSelected" alias="btnBack.buttonSelected" type="integer" />

    </interface>
    <children>
         <Poster translation="[0,0]" width="1920" height="1080" uri="pkg:/images/BG.png" />
              <Poster translation="[868,56]" width="224" height="37" uri="pkg:/images/HistoryText.png" />

              <Button id="btnBack" focusable="true" iconUri=""
                text="" focusedIconUri="" visible="true" translation="[118, 56]"
                maxWidth="119" minWidth="119" height="60"
                focusBitmapUri="pkg:/images/btnBackF.png"
                focusFootprintBitmapUri="pkg:/images/btnBackUF.png" showFocusFootprint="true" />


         <MarkupGrid id="videosList" 
            itemComponentName="VideoItem"
            translation="[118,196]"
            itemSpacing="[20,20]"
            itemSize="[410,236]"
            numColumns="4"
            numRows="5"
            vertFocusAnimationStyle="floatingFocus"
            drawFocusFeedback="true"
            focusBitmapUri="pkg:/images/overlay2.png"
         />

                  <Video id="video" visible="false" translation="[0,0]"  />

                  <Button id="btnNoHist" visible="false" translation="[612,212]" minWidth="696" maxWidth="696" height="560" iconUri="" focusedIconUri="" focusBitmapUri="pkg:/images/NoHist.png" focusfootprintbitmapuri="pkg:/images/NoHist.png" />
         <Timer id="focusTimer" duration="0.01" repeat="false" />

         <Timer   id="videoDurationTimer" repeat="true" duration="1" />

    </children>
    
</component>