<component name="HomeScreen" extends="Group">
    <script type="text/brightscript" uri="HomeScreen.brs" />
    <script type="text/brightscript" uri="Navbar.brs" />
     <interface>
   
        <field id="isPopupShown" type="boolean" onChange="ShowSubPopup" value="false" />
        <field id="btnSubSelected" type="integer" alias="btnSub.buttonSelected" />

    </interface>
    <children>
                <Poster translation="[0,0]" width="1920" height="1080" uri="pkg:/images/BG.png" />

                 

        <RowList id="heroList" 
        visible="false"
            itemComponentName="HeroItem"
            translation="[320,146]"
            itemSpacing="[1280,720]"
            itemSize="[1280,720]"
            rowItemSize = "[ [1280, 720]]"
            
            numRows="1"
            rowFocusAnimationStyle ="fixedFocus"
            drawFocusFeedback="true"
            focusBitmapUri="pkg:/images/heroFocus.png"
         />



        <MarkupGrid id="videosList" 
            itemComponentName="VideoItem"
            translation="[100,284]"
            itemSpacing="[32,60]"
            itemSize="[548,420]"
            numColumns="3"
            numRows="2"
            vertFocusAnimationStyle="fixedFocus"
            drawFocusFeedback="false"
            focusBitmapUri="pkg:/images/itemFocus.png"
         />

                <Navbar id="navbar" />


         <Video id="video" visible="false" translation="[0,0]" width="1920"  />

                 <Timer   id="ChangeImageTimer" repeat="true" duration="3" />
                 <Timer   id="videoDurationTimer" repeat="true" duration="1" />

                    <Animation id="heroUpAnim"
       duration="1"
       repeat="false"
       easeFunction="linear" >
    <Vector2DFieldInterpolator 
        key="[0.0, 1.0]"
        keyValue="[ [320.0, 146.0], [320.0, -1000.0] ]"
    fieldToInterp="heroList.translation" />
</Animation>

<Animation id="herodownAnim"
       duration="1"
       repeat="false"
       easeFunction="linear" >
    <Vector2DFieldInterpolator 
        key="[0.0, 1.0]"
        keyValue="[  [320.0, -1000.0], [320.0, 146.0] ]"
    fieldToInterp="heroList.translation" />
</Animation>

<Animation id="videosUpAnim"
       duration="1"
       repeat="false"
       easeFunction="linear" >
    <Vector2DFieldInterpolator 
        key="[0.0, 1.0]"
        keyValue="[ [118,900], [118.0, 176.0] ]"
    fieldToInterp="videosList.translation" />
</Animation>

<Animation id="videosdownAnim"
       duration="1"
       repeat="false"
       easeFunction="linear" >
    <Vector2DFieldInterpolator 
        key="[0.0, 1.0]"
        keyValue="[  [118.0, 176.0], [118,900] ]"
    fieldToInterp="videosList.translation" />
</Animation>

 <Group id="SubPopup" visible="false">
        <Poster id="subPopupBG" uri="pkg:/images/subPopup.png" width="1920" height="1080" translation="[0,0]" />
          <Button id="btnSub" focusable="true" iconUri=""
                text="" focusedIconUri="" visible="true" translation="[972, 718]"
                maxWidth="405" minWidth="405" height="100"
                focusBitmapUri="pkg:/images/btnSubF.png"
                focusFootprintBitmapUri="pkg:/images/btnSubUF.png" showFocusFootprint="true" />
                   <Button id="btnCancel" focusable="true" iconUri=""
                text="" focusedIconUri="" visible="true" translation="[543, 718]"
                maxWidth="405" minWidth="405" height="100"
                focusBitmapUri="pkg:/images/btnCancelF.png"
                focusFootprintBitmapUri="pkg:/images/btnCancelUF.png" showFocusFootprint="true" />

                </Group>

                <BusySpinner
      id = "exampleBusySpinner" translation="[896,472]" />

          
    </children>
</component>