<component name="LoginScreen" extends="Group" initialFocus="btnNext">
    <script type="text/brightscript" uri="LoginScreen.brs" />

    <interface>
        
    </interface>
    <children>
        <Poster translation="[0,0]" width="1920" height="1080" uri="pkg:/images/OnboardBG.png" />

         <Group id="PasswordGroup" >
            <Poster translation="[404,94]" width="1112" height="892" uri="pkg:/images/lsCard.png" />
                <Button id="btnNext" focusable="true" iconUri=""
                text="" focusedIconUri="" visible="true" translation="[872, 840]"
                maxWidth="175" minWidth="175" height="100"
                focusBitmapUri="pkg:/images/btnNextF.png"
                focusFootprintBitmapUri="pkg:/images/btnNextUF.png" showFocusFootprint="true" />
                 <Button id="btnCP" focusable="true" iconUri=""
                text="" focusedIconUri="" visible="true" translation="[845, 785]"
                maxWidth="230" minWidth="230" height="30"
                focusBitmapUri="pkg:/images/btnCPF.png"
                focusFootprintBitmapUri="pkg:/images/btnCPUF.png" showFocusFootprint="true" />


            </Group>

             <Group id="inputGroup" visible="false">
            

            <Pinpad id="inputPin" translation="[800,250]" pinLength="4" />
            <Button id="btnSubmit" translation="[850,700]" minWidth="284" maxWidth="284" height="80" iconUri="" focusedIconUri="" focusBitmapUri="pkg:/images/btnSubmitF.png" focusfootprintbitmapuri="pkg:/images/btnSubmitUF.png" showFocusFootprint="true" />

        </Group>
    </children>

    
    
</component>