<component name="MainScene" extends="Scene">
    <script type="text/brightscript" uri="MainScene.brs" />
    <script type="text/brightscript" uri="UI/ShowHomeScreen.brs" />
    <script type="text/brightscript" uri="UI/ShowMenuScreen.brs" />
    <script type="text/brightscript" uri="UI/ShowFaveScreen.brs" />
    <script type="text/brightscript" uri="UI/ShowHistoryScreen.brs" />
    <script type="text/brightscript" uri="UI/ShowSearchScreen.brs" />
    <script type="text/brightscript" uri="UI/ScreenStack.brs" />
    <script type="text/brightscript" uri="UI/ShowSubscriptionScreen.brs" />
    <script type="text/brightscript" uri="UI/ShowOnboardingScreen.brs" />
    <script type="text/brightscript" uri="UI/ShowLoginScreen.brs" />
    <script type="text/brightscript" uri="VerifySubscription.brs" />
    <interface>
        <function name="CallHomeScreen" />
        <function name="getCurrentDuration" />
        <function name="setCurrentDuration" />
        <function name="ResetScreen" />
        <function name="ShowSubscriptionScreen" />
        <function name="ShowFaveScreen" />
        <function name="ShowHistoryScreen" />
        <function name="ShowHomeScreen" />
        <function name="ShowMenuScreen" />
        <function name="ShowSearchScreen" />
        <function name="ShowSubscriptionPromptDialog" />
        <field id="AppLimit" type="integer" />
        <field id="isFirstOpen" type="boolean" value="true" />
        <field id="isSubYearly" type="boolean" />
        <field id="isSubscribed" type="boolean" value="false" alwaysNotify="true" />
        <field id="prevScr" type="string" />
         <field id="appExit" type="bool" alwaysnotify="true" value="false" />



    </interface>
    
</component>