<component name="MenuScreen" extends="Group" initialFocus="btnHistory" >
    <script type="text/brightscript" uri="MenuScreen.brs"  />
            <script type="text/brightscript" uri="Navbar.brs" />

     
    <interface>
         <field id="infoGroupVisible" alias="infoGroup.visible" onChange="onInfoVisible" />
         <field id="isPPS" type="boolean" />

        <field id="isPopupShown" type="boolean" onChange="ShowSubPopup" />

       <!-- <field id="btnHistorySelect"  alias="btnHistory.buttonSelected" />
        <field id="btnFaveSelect"  alias="btnFave.buttonSelected" />
        <field id="btnSearchSelect"  alias="btnSearch.buttonSelected" />
        <field id="btnSubscribeSelect"  alias="btnSubscribe.buttonSelected" /> -->
        
    </interface>
    <children>
                        <Poster translation="[0,0]" width="1920" height="1080" uri="pkg:/images/BG.png" />
                        <Poster translation="[248,240]" width="289" height="87" uri="pkg:/images/ST.png" />

        <Button  id="btnHistory" translation="[248,386]" minWidth="633" maxWidth="633" height="150" iconuri="" focusedIconUri="" focusBitmapUri="pkg:/images/btnHistF.png" focusfootprintbitmapuri="pkg:/images/btnHistUF.png" showFocusFootprint="true"  />
        <Button  id="btnSearchSt" translation="[248,556]" minWidth="633" maxWidth="633" height="150" iconuri="" focusedIconUri="" focusBitmapUri="pkg:/images/btnSeDF.png" focusfootprintbitmapuri="pkg:/images/btnSeDUF.png" showFocusFootprint="true"  />
        <Button  id="btnPrivacy" translation="[248,726]" minWidth="633" maxWidth="633" height="150" iconuri="" focusedIconUri="" focusBitmapUri="pkg:/images/btnPPF.png" focusfootprintbitmapuri="pkg:/images/btnPPUF.png" showFocusFootprint="true"  />
        <Button  id="btnAbout" translation="[248,896]" minWidth="633" maxWidth="633" height="150" iconuri="" focusedIconUri="" focusBitmapUri="pkg:/images/btnAbF.png" focusfootprintbitmapuri="pkg:/images/btnAbUF.png" showFocusFootprint="true"  />
          <Group id="historyGroup" visible="false">
            <Poster translation="[1122,270]" uri="pkg:/images/hT.png" width="158" height="46" />
              <MarkupGrid id="videosList" 
            itemComponentName="VideoItem"
            translation="[1122,358]"
            itemSpacing="[32,60]"
            itemSize="[548,420]"
            numColumns="1"
            numRows="3"
            vertFocusAnimationStyle="fixedFocus"
            drawFocusFeedback="false"
            focusBitmapUri="pkg:/images/itemFocus.png"
         />
         </Group>
        

                                               <Navbar id="navbar" />
                  <Video id="video" visible="false" translation="[0,0]" width="1920" height="1080" />



        <Group id="infoGroup" visible="false">
            <Poster translation="[0,0]" width="1920" height="1080" uri="pkg:/images/homeBG.png" />
            <ScrollableText  translation="[190,129]" width="1500" height="900" id="infoText" />
            
        </Group>
 <Group id="SubPopup" visible="false" >
        <Poster uri="pkg:/images/subPopup.png" width="1920" height="1080" translation="[0,0]" />
          <Button id="btnSub" focusable="true" iconUri=""
                text="" focusedIconUri="" visible="true" translation="[972, 718]"
                maxWidth="405" minWidth="405" height="100"
                focusBitmapUri="pkg:/images/btnSubF.png"
                focusFootprintBitmapUri="pkg:/images/btnSubUF.png" showFocusFootprint="true" />
                   <Button id="btnCancel" focusable="true" iconUri=""
                text="" focusedIconUri="" visible="true" translation="[543, 718]"
                maxWidth="405" minWidth="405" height="100"
                focusBitmapUri="pkg:/images/btnCancelF.png"
                focusFootprintBitmapUri="pkg:/images/btnCancelUF.png" showFocusFootprint="true" />

                </Group>
         <Timer   id="videoDurationTimer" repeat="true" duration="1" />


    </children>
    
</component>