<component name="Navbar" extends="Group">
    <script type="text/brightscript"  />

<children>
    <Poster id="NBB" uri="pkg:/images/NavBarBG.png" width="733" height="176" translation="[594,44]" />


     
    <Button id="btnHomeN" translation="[672,64]" height="136" minWidth="100"
            maxWidth="100" iconUri="" focusedIconUri="" showFocusFootprint="true"
            focusBitmapUri="pkg:/images/btnHoF.png"
            focusFootprintBitmapUri="pkg:/images/btnHouf.png" />

              <Button id="btnSubN" translation="[990,64]" height="136" minWidth="100"
            maxWidth="100" iconUri="" focusedIconUri="" showFocusFootprint="true"
            focusBitmapUri="pkg:/images/btnSubsF.png"
            focusFootprintBitmapUri="pkg:/images/btnSubsUf.png" />

            <Button id="btnSearchN" translation="[831,64]" height="136" minWidth="100"
            maxWidth="100" iconUri="" focusedIconUri="" showFocusFootprint="true"
            focusBitmapUri="pkg:/images/btnSeaF.png"
            focusFootprintBitmapUri="pkg:/images/btnSeaUf.png" /> 
            

      <Button id="btnSettingN" translation="[1149,64]" height="136" minWidth="100"
            maxWidth="100" iconUri="" focusedIconUri="" showFocusFootprint="true"
            focusBitmapUri="pkg:/images/btnSeTF.png"
            focusFootprintBitmapUri="pkg:/images/btnSeTuf.png" />

            <Poster id="underline" uri="pkg:/images/underline.png" width="93" height="12" />


</children>
    
</component>