<component name="OnboardingScreen" extends="Group" initialFocus="btnKid">
    <script type="text/brightscript" uri="OnboardingScreen.brs" />
    <interface>
        
    </interface>
    <children>
        <Poster translation="[0,0]" width="1920" height="1080" uri="pkg:/images/OnboardBG.png" />
        <Group id="OptionGroup" >
         <Poster translation="[404,183]" width="1112" height="715" uri="pkg:/images/obBG.png" />

            <Button id="btnKid" focusable="true" iconUri=""
                text="" focusedIconUri="" visible="true" translation="[681, 718]"
                maxWidth="221" minWidth="221" height="110"
                focusBitmapUri="pkg:/images/btnKidF.png"
                focusFootprintBitmapUri="pkg:/images/btnKidUF.png" showFocusFootprint="true" />

            <Button id="btnParent" focusable="true" iconUri=""
                text="" focusedIconUri="" visible="true" translation="[933, 718]"
                maxWidth="314" minWidth="314" height="110"
                focusBitmapUri="pkg:/images/btnParF.png"
                focusFootprintBitmapUri="pkg:/images/btnParUF.png" showFocusFootprint="true" />

            </Group>

            <Group id="welcomeGroup" visible="false">
                <Button id="btnWelcome" focusable="true" iconUri=""
                text="" focusedIconUri="" visible="true" translation="[404, 144]"
                maxWidth="1112" minWidth="1112" height="791"
                focusBitmapUri="pkg:/images/btnWelcome.png"
                focusFootprintBitmapUri="pkg:/images/btnWelcome.png" showFocusFootprint="true" />

            </Group>

            <Group id="KidGroup" visible="false">
                <Button id="btnAsk" focusable="true" iconUri=""
                text="" focusedIconUri="" visible="true" translation="[404, 184]"
                maxWidth="1112" minWidth="1112" height="713"
                focusBitmapUri="pkg:/images/btnAsk.png"
                focusFootprintBitmapUri="pkg:/images/btnAsk.png" showFocusFootprint="true" />
            </Group>

            <Group id="PasswordGroup" visible="false">
                <Button id="btnGA" focusable="true" iconUri=""
                text="" focusedIconUri="" visible="true" translation="[404, 94]"
                maxWidth="1112" minWidth="1112" height="891"
                focusBitmapUri="pkg:/images/btnGA.png"
                focusFootprintBitmapUri="pkg:/images/btnGA.png" showFocusFootprint="true" />


            </Group>

             <Group id="inputGroup" visible="false">
            

            <Pinpad id="inputPin" translation="[800,250]" pinLength="4" />
            <Button id="btnSubmit" translation="[850,700]" minWidth="284" maxWidth="284" height="80" iconUri="" focusedIconUri="" focusBitmapUri="pkg:/images/btnSubmitF.png" focusfootprintbitmapuri="pkg:/images/btnSubmitUF.png" showFocusFootprint="true" />

        </Group>

            
    </children>
    
</component>