<component name="SearchScreen" extends="Group" initialFocus="inputKeyboard" >
    <script type="text/brightscript" uri="SearchScreen.brs"  />
            <script type="text/brightscript" uri="Navbar.brs" />

    <interface>
        
    </interface>

    <children>
                        <Poster translation="[0,0]" width="1920" height="1080" uri="pkg:/images/BG.png" />

        <Group id="inputGroup">
            <Poster uri="pkg:/images/searchBar.png" translation="[340,250]" width="1240" height="106" />
            <Label id="textLabel" translation="[340,250]" width="1240" height="106" vertAlign="center" horizAlign="center" color="0xFFFFFF" />

            <MiniKeyboard id="inputKeyboard" translation="[669,370]" showTextEditBox="false" keyColor="#000000" />
            <Button id="btnSubmit" translation="[819,990]" minWidth="284" maxWidth="284" height="80" iconUri="" focusedIconUri="" focusBitmapUri="pkg:/images/btnSubmitF.png" focusfootprintbitmapuri="pkg:/images/btnSubmitUF.png" showFocusFootprint="true" />

        </Group>

        <Group id="resultsGroup" visible="false" >
             <MarkupGrid id="videosList" 
            itemComponentName="VideoItem"
            translation="[100,284]"
            itemSpacing="[32,60]"
            itemSize="[548,420]"
            numColumns="3"
            numRows="2"
            vertFocusAnimationStyle="fixedFocus"
            drawFocusFeedback="false"
            focusBitmapUri="pkg:/images/itemFocus.png"
         />
            

        <Button id="btnNoFav" visible="false" translation="[612,412]" minWidth="696" maxWidth="696" height="560" iconUri="" focusedIconUri="" focusBitmapUri="pkg:/images/NoFav.png" focusfootprintbitmapuri="pkg:/images/NoFav.png" showFocusFootprint="true" />

                         <Timer   id="videoDurationTimer" repeat="true" duration="1" />



        </Group>
             <Navbar id="navbar" />
                      <Video id="video" visible="false" translation="[0,0]" width="1920" height="1080"  />



    </children>
    
</component>