<component name="HeroItem" extends="Group">
    <script type="text/brightscript" uri="HeroItem.brs" />
    <interface>
        <field id="itemContent" type="node" onChange="onItemContent" />
        <field id="focusPercent" type="float"  />
        <field id="gridHasFocus" type="boolean"  />
        
    </interface>
    <children>
                <!-- <Poster   uri="pkg:/images/heroFocus.png" translation="[0,0]" width="1280" height="720" /> -->

         <MaskGroup
      id = "exampleMaskGroup"
      masksize = "[ 1280, 720 ]"
      translation="[0,0]"
      
      maskuri = "pkg:/images/heroBG.png" > 
        <Poster loadWidth="1280" loadHeight="720"  id="thumbnailPoster" translation="[0,0]" width="1280" height="720" />
        </MaskGroup>

     
        
    </children>
    
</component>