<component name="MenuItem" extends="Group" >
    <script type="text/brightscript" uri="MenuItem.brs" />
    <interface>
        <field id="itemContent" type="node" onChange="showContent" />
        <field id="focusPercent" type="float" onChange="showFocus" />
        
    </interface>

    <children>
        <Poster id="bg" width="1006" height="127" translation="[0,0]" uri="pkg:/images/sbUF.png" />
        <Label id="name" translation="[120,28]" width="926" height="80" color="#121212" vertAlign="center" horizAlign="left" />

    </children>
    
</component>