<component name="VideoItem" extends="Group">
    <script type="text/brightscript" uri="VideoItem.brs" />
    <interface>
        <field id="itemContent" type="node" onChange="onItemContent" />
        <field id="focusPercent" type="float" onCHange="showFocus"  />
        <field id="gridHasFocus" type="boolean" onCHange="showFocus" />

    </interface>
    <children>

           <Poster   id="bgRect" translation="[0,0]" width="548" height="420" uri="pkg:/images/bgUF.png" />

       
         <MaskGroup
      id = "exampleMaskGroup"
      masksize = "[ 544, 308 ]"
      translation="[2,0]"
      
      maskuri = "pkg:/images/mask.png" > 
        <Poster   id="thumbnailPoster" translation="[0,0]" width="544" height="308" />
        </MaskGroup>

        

            

        <Label id="videoTitle" translation="[21,329]" width="505" height="70" color="#000000" >

                <Font role="font" uri="pkg:/components/fonts/Roboto-Regular.ttf" size="29" />
 </Label>

              <Poster  translation="[0,0]" width="548" height="420" />

    </children>
    
</component>